<?xml version="1.0"?>
<!--
/**
 * BSS Commerce Co.
 *
 * NOTICE OF LICENSE
 *
 * This source file is subject to the EULA
 * that is bundled with this package in the file LICENSE.txt.
 * It is also available through the world-wide-web at this URL:
 * http://bsscommerce.com/Bss-Commerce-License.txt
 *
 * @category   BSS
 * @package    Bss_OneStepCheckout
 * @author     Extension Team
 * @copyright  Copyright (c) 2017-2018 BSS Commerce Co. ( http://bsscommerce.com )
 * @license    http://bsscommerce.com/Bss-Commerce-License.txt
 */
-->
<config xmlns:xsi="http://www.w3.org/2001/XMLSchema-instance" xsi:noNamespaceSchemaLocation="urn:magento:module:Magento_Config:etc/system_file.xsd">
    <system>
        <tab id="bss" sortOrder="300">
            <label><![CDATA[Bss Commerce]]></label>
        </tab>
        <section id="onestepcheckout" translate="label" type="text" sortOrder="1" showInDefault="1" showInWebsite="1" showInStore="1">
            <label>One Step Checkout</label>
            <tab>bss</tab>
            <resource>Bss_OneStepCheckout::config_onestepcheckout</resource>
            <group id="general" translate="label" type="text" sortOrder="10" showInDefault="1" showInWebsite="1" showInStore="1">
                <label>General</label>
                <field id="enable" translate="label" type="select" sortOrder="10" showInDefault="1" showInWebsite="1" showInStore="1">
                    <label>Enable</label>
                    <source_model>Magento\Config\Model\Config\Source\Yesno</source_model>
                    <comment><![CDATA[Version 2.1.2]]></comment>
                </field>
                <field id="tilte" translate="label" type="text" sortOrder="20" showInDefault="1" showInWebsite="1" showInStore="1">
                    <label>Title</label>
                </field>
                <field id="router_name" translate="label comment" type="text" sortOrder="30" showInDefault="1" showInWebsite="1" showInStore="1">
                    <label>Router Name</label>
                    <comment>
                        <![CDATA[
                            Example: onestepcheckout.html -> http://example.com/onestepcheckout.html
                        ]]>
                    </comment>
                </field>
                <field id="newsletter_default" translate="label" type="select" sortOrder="40" showInDefault="1" showInWebsite="1" showInStore="1">
                    <label>Auto Check Newsletter Sign up Box</label>
                    <source_model>Magento\Config\Model\Config\Source\Yesno</source_model>
                </field>
            </group>

            <group id="display_field" translate="label" type="text" sortOrder="20" showInDefault="1" showInWebsite="1" showInStore="1">
                <label>Fields Display</label>
                <field id="enable_delivery_date" translate="label" type="select" sortOrder="10" showInDefault="1" showInWebsite="1" showInStore="1">
                    <label>Show Delivery Date</label>
                    <source_model>Magento\Config\Model\Config\Source\Yesno</source_model>
                </field>
                <field id="enable_delivery_comment" translate="label" type="select" sortOrder="20" showInDefault="1" showInWebsite="1" showInStore="1">
                    <label>Show Delivery Comment</label>
                    <source_model>Magento\Config\Model\Config\Source\Yesno</source_model>
                </field>
                <field id="enable_order_comment" translate="label" type="select" sortOrder="30" showInDefault="1" showInWebsite="1" showInStore="1">
                    <label>Show Order Comment</label>
                    <source_model>Magento\Config\Model\Config\Source\Yesno</source_model>
                </field>
                <field id="enable_subscribe_newsletter" translate="label" type="select" sortOrder="40" showInDefault="1" showInWebsite="1" showInStore="1">
                    <label>Show Subscribe Newsletter</label>
                    <source_model>Magento\Config\Model\Config\Source\Yesno</source_model>
                </field>
                <field id="enable_gift_message" translate="label comment" type="select" sortOrder="50" showInDefault="1" showInWebsite="1" showInStore="1">
                    <label>Show Gift Message on Order Level</label>
                    <source_model>Magento\Config\Model\Config\Source\Yesno</source_model>
                    <comment>This config is applied only when the corresponding default config is enabled.</comment>
                </field>
                <field id="enable_discount_code" translate="label" type="select" sortOrder="60" showInDefault="1" showInWebsite="1" showInStore="1">
                    <label>Show Discount Code</label>
                    <source_model>Magento\Config\Model\Config\Source\Yesno</source_model>
                </field>
            </group>

            <group id="auto_complete" translate="label" type="text" sortOrder="30" showInDefault="1" showInWebsite="1" showInStore="1">
                <label>Suggesting Address By Google</label>
                <field id="enable_auto_complete" translate="label comment" type="select" sortOrder="10" showInDefault="1" showInWebsite="1" showInStore="1">
                    <label>Enable suggesting address by Google</label>
                    <source_model>Magento\Config\Model\Config\Source\Yesno</source_model>
                    <comment><![CDATA[When you set to Yes, the extension will allow auto completeting customer address.]]>
                    </comment>
                </field>
                <field id="google_api_key" translate="label comment" type="text" sortOrder="20" showInDefault="1" showInWebsite="1" showInStore="1">
                    <label><![CDATA[Google API Key <span style="color:#FF0000;">*</span>]]></label>
                    <depends>
                        <field id="enable_auto_complete">1</field>
                    </depends>
                    <validate>required-entry</validate>
                    <comment>
                        <![CDATA[
                            <span> Click <a href="https://developers.google.com/maps/documentation/javascript/examples/places-autocomplete-addressform" target="_blank">here</a> to get API key </span>
                        ]]>
                    </comment>
                </field>
                <field id="allowspecific" translate="label" type="allowspecific" sortOrder="30" showInDefault="1" showInWebsite="1" showInStore="1">
                    <label>Suggesting Address from Applicable Countries</label>
                    <source_model>Magento\Payment\Model\Config\Source\Allspecificcountries</source_model>
                </field>
                <field id="specificcountry" translate="label comment" type="multiselect" sortOrder="40" showInDefault="1" showInWebsite="1" showInStore="1">
                    <label>Suggesting Address from Specific Countries</label>
                    <source_model>Magento\Directory\Model\Config\Source\Country</source_model>
                    <comment>The maximum number of selected countries is 5.</comment>
                </field>
            </group>

            <group id="custom_css" translate="label" type="text" sortOrder="40" showInDefault="1" showInWebsite="1" showInStore="1">
                <label>Custom Style</label>
                <field id="step_number_color" translate="label" type="text" sortOrder="10" showInDefault="1" showInWebsite="1" showInStore="1">
                    <label>Checkout Step Number Color</label>
                    <validate>jscolor</validate>
                </field>
                <field id="step_bgr_color" translate="label" type="text" sortOrder="20" showInDefault="1" showInWebsite="1" showInStore="1">
                    <label>Checkout Step Background Color</label>
                    <validate>jscolor</validate>
                </field>
                <field id="css_code" translate="label" type="textarea" sortOrder="30" showInDefault="1" showInWebsite="1" showInStore="1">
                    <label>Custom Code</label>
                </field>
            </group>
        </section>
    </system>
</config>
