<?xml version="1.0"?>
<!--
/**
 * BSS Commerce Co.
 *
 * NOTICE OF LICENSE
 *
 * This source file is subject to the EULA
 * that is bundled with this package in the file LICENSE.txt.
 * It is also available through the world-wide-web at this URL:
 * http://bsscommerce.com/Bss-Commerce-License.txt
 *
 * @category   BSS
 * @package    Bss_OneStepCheckout
 * @author     Extension Team
 * @copyright  Copyright (c) 2017-2018 BSS Commerce Co. ( http://bsscommerce.com )
 * @license    http://bsscommerce.com/Bss-Commerce-License.txt
 */
-->
<config xmlns:xsi="http://www.w3.org/2001/XMLSchema-instance" xsi:noNamespaceSchemaLocation="urn:magento:framework:ObjectManager/etc/config.xsd">
    <type name="Magento\Checkout\Controller\Index\Index">
        <plugin name="bss_osc_checkout_index_index"
            type="Bss\OneStepCheckout\Plugin\Execute\Checkout\Index\Index" />
    </type>
    <type name="\Magento\Checkout\Block\Checkout\LayoutProcessor">
        <plugin name="bss_osc_checkout_layout_processor" type="Bss\OneStepCheckout\Plugin\Block\Checkout\Checkout\LayoutProcessor" />
    </type>
    <type name="\Magento\Checkout\Helper\Data">
        <plugin name="bss_osc_checkout_helper_data" type="Bss\OneStepCheckout\Plugin\Helper\Checkout\Data" />
    </type>
    <type name="Magento\Checkout\Model\CompositeConfigProvider">
        <arguments>
            <argument name="configProviders" xsi:type="array">
                <item name="bss_one_step_checkout_composite_config" xsi:type="object">Bss\OneStepCheckout\Model\CompositeConfigProvider</item>
            </argument>
        </arguments>
    </type>
    <type name="Magento\Framework\App\RouterList">
        <arguments>
            <argument name="routerList" xsi:type="array">
                <item name="bss_osc_checkout_router" xsi:type="array">
                    <item name="class" xsi:type="string">Bss\OneStepCheckout\App\Router</item>
                    <item name="disable" xsi:type="boolean">false</item>
                    <item name="sortOrder" xsi:type="string">15</item>
                </item>
            </argument>
        </arguments>
    </type>
</config>
