<?xml version="1.0"?>
<!--
/**
 * BSS Commerce Co.
 *
 * NOTICE OF LICENSE
 *
 * This source file is subject to the EULA
 * that is bundled with this package in the file LICENSE.txt.
 * It is also available through the world-wide-web at this URL:
 * http://bsscommerce.com/Bss-Commerce-License.txt
 *
 * @category   BSS
 * @package    Bss_OneStepCheckout
 * @author     Extension Team
 * @copyright  Copyright (c) 2017-2018 BSS Commerce Co. ( http://bsscommerce.com )
 * @license    http://bsscommerce.com/Bss-Commerce-License.txt
 */
-->
<config xmlns:xsi="http://www.w3.org/2001/XMLSchema-instance" xsi:noNamespaceSchemaLocation="urn:magento:framework:ObjectManager/etc/config.xsd">
    <type name="Magento\Quote\Model\Quote\Address">
        <plugin name="bss_osc_quote_address"
            type="Bss\OneStepCheckout\Plugin\Model\Quote\Address" />
    </type>
    <type name="Magento\Checkout\Api\PaymentInformationManagementInterface">
        <plugin name="bss_osc_additional_data" type="Bss\OneStepCheckout\Plugin\Model\Checkout\CustomerAdditionalData"/>
    </type>
    <type name="Magento\Checkout\Api\GuestPaymentInformationManagementInterface">
        <plugin name="bss_osc_guest_additional_data" type="Bss\OneStepCheckout\Plugin\Model\Checkout\GuestAdditionalData"/>
    </type>
    <type name="Magento\Sales\Api\OrderRepositoryInterface">
        <plugin name="bss_osc_add_delivery_extension_attribute"
                type="Bss\OneStepCheckout\Plugin\Model\Sales\OrderRepository"
                sortOrder="10"/>
    </type>
    <virtualType name="Magento\Sales\Model\ResourceModel\Order\Grid" type="Magento\Sales\Model\ResourceModel\Grid">
        <arguments>
            <argument name="columns" xsi:type="array">
                <item name="delivery_date" xsi:type="string">sales_order.delivery_date</item>
            </argument>
        </arguments>
    </virtualType>
    <preference for="Bss\OneStepCheckout\Api\UpdateItemManagementInterface"
        type="Bss\OneStepCheckout\Model\UpdateItemManagement" />
    <preference for="Bss\OneStepCheckout\Api\GuestUpdateItemManagementInterface"
        type="Bss\OneStepCheckout\Model\GuestUpdateItemManagement" />
    <preference for="Bss\OneStepCheckout\Api\Data\UpdateItemDetailsInterface"
        type="Bss\OneStepCheckout\Model\UpdateItemDetails" />
</config>
